FECHA,VALOR UNIDAD
01/01/2017,10440.44178686
01/02/2017,10427.48538714
01/03/2017,10478.53759532
01/04/2017,10585.59208092
01/05/2017,10696.10643452
01/06/2017,10641.70006494
01/07/2017,10641.3882405
01/08/2017,10641.08144104
01/09/2017,10640.76965066
01/10/2017,10651.70265573
01/11/2017,10705.4288455
01/12/2017,10712.01515068
01/13/2017,10717.3775672
01/14/2017,10717.0465496
01/15/2017,10716.72058068
01/16/2017,10721.27524903
01/17/2017,10701.15360339
01/18/2017,10677.43747893
01/19/2017,10678.58128645
01/20/2017,10706.32441924
01/21/2017,10706.0234665
01/22/2017,10705.72745974
01/23/2017,10775.47382717
01/24/2017,10834.57327169
01/25/2017,10918.49983681
01/26/2017,10890.66532297
01/27/2017,10892.02777512
01/28/2017,10891.77884691
01/29/2017,10891.52993222
01/30/2017,10852.0696589
01/31/2017,10851.65370064
02/01/2017,10857.88067346
02/02/2017,10869.95174635
02/03/2017,10930.46513168
02/04/2017,10930.26632087
02/05/2017,10930.06752064
02/06/2017,10919.71302955
02/07/2017,10906.66318985
02/08/2017,10922.46335923
02/09/2017,10958.40767252
02/10/2017,10992.03942323
02/11/2017,10991.90924459
02/12/2017,10991.77907341
02/13/2017,11040.17924442
02/14/2017,11067.83981111
02/15/2017,11126.88536543
02/16/2017,11107.98859902
02/17/2017,11094.35970236
02/18/2017,11094.06387721
02/19/2017,11093.7715277
02/20/2017,11098.38202412
02/21/2017,11148.13220619
02/22/2017,11138.29120554
02/23/2017,11143.59738367
02/24/2017,11115.0553071
02/25/2017,11114.76115345
02/26/2017,11114.46388336
02/27/2017,11131.17073743
02/28/2017,11119.89738733
03/01/2017,11234.3357587
03/02/2017,11135.36497403
03/03/2017,11182.21770615
03/04/2017,11181.88892102
03/05/2017,11181.56015384
03/06/2017,11155.5258407
03/07/2017,11135.55168631
03/08/2017,11092.69001033
03/09/2017,11096.55213767
03/10/2017,11147.40572528
03/11/2017,11147.08771154
03/12/2017,11146.77240734
03/13/2017,11187.32923226
03/14/2017,11119.08779347
03/15/2017,11248.49928681
03/16/2017,11267.79414438
03/17/2017,11240.63227843
03/18/2017,11240.35742333
03/19/2017,11240.08008001
03/20/2017,11239.8052552
03/21/2017,11147.70391598
03/22/2017,11174.8899325
03/23/2017,11180.88822048
03/24/2017,11173.4469876
03/25/2017,11173.14313691
03/26/2017,11172.84166835
03/27/2017,11182.12922771
03/28/2017,11233.54134736
03/29/2017,11244.04625067
03/30/2017,11246.4138982
03/31/2017,11227.66018445
04/01/2017,11227.28405546
04/02/2017,11226.90794708
04/03/2017,11231.85372136
04/04/2017,11245.45778018
04/05/2017,11227.59862726
04/06/2017,11243.42761357
04/07/2017,11226.17062789
04/08/2017,11225.9214238
04/09/2017,11225.67025354
04/10/2017,11234.66134687
04/11/2017,11264.27319942
04/12/2017,11251.45687919
04/13/2017,11251.12204541
04/14/2017,11250.77751733
04/15/2017,11250.43106559
04/16/2017,11250.08657539
04/17/2017,11258.46213424
04/18/2017,11190.97885455
04/19/2017,11129.91229726
04/20/2017,11191.16471019
04/21/2017,11174.30630854
04/22/2017,11174.01257899
04/23/2017,11173.71889614
04/24/2017,11365.10218677
04/25/2017,11431.91620679
04/26/2017,11410.05347788
04/27/2017,11397.14291951
04/28/2017,11413.18712735
04/29/2017,11412.90853152
04/30/2017,11412.62913918
05/01/2017,11412.34943594
05/02/2017,11498.76857023
05/03/2017,11458.09043227
05/04/2017,11491.66345271
05/05/2017,11592.14373952
05/06/2017,11591.80225065
05/07/2017,11591.46303115
05/08/2017,11552.48001414
05/09/2017,11562.83644137
05/10/2017,11559.65013616
05/11/2017,11560.3991168
05/12/2017,11600.44996894
05/13/2017,11600.21845625
05/14/2017,11599.90497038
05/15/2017,11652.3807677
05/16/2017,11678.77209848
05/17/2017,11587.59770212
05/18/2017,11508.91031042
05/19/2017,11649.82981397
05/20/2017,11649.48707186
05/21/2017,11649.14552109
05/22/2017,11661.38468543
05/23/2017,11673.04348234
05/24/2017,11694.44878346
05/25/2017,11712.16258687
05/26/2017,11711.69965645
05/27/2017,11711.30472607
05/28/2017,11710.91146324
05/29/2017,11710.51822192
05/30/2017,11709.4436469
05/31/2017,11692.34147932
06/01/2017,11766.24314725
06/02/2017,11868.77041443
06/03/2017,11868.37974024
06/04/2017,11867.99210162
06/05/2017,11843.88051184
06/06/2017,11834.44038912
06/07/2017,11849.71034659
06/08/2017,11846.61558389
06/09/2017,11809.55820715
06/10/2017,11809.16433755
06/11/2017,11808.7709598
06/12/2017,11779.42917577
06/13/2017,11842.02777483
06/14/2017,11822.387196
06/15/2017,11732.74802655
06/16/2017,11833.94571287
06/17/2017,11833.53864848
06/18/2017,11833.13115881
06/19/2017,11832.72369143
06/20/2017,11574.70213018
06/21/2017,11573.90119893
06/22/2017,11597.92142207
06/23/2017,11629.01993837
06/24/2017,11628.62227036
06/25/2017,11628.22505546
06/26/2017,11627.83001872
06/27/2017,11783.45075531
06/28/2017,11885.32583144
06/29/2017,11801.56637025
06/30/2017,11817.60859482
07/01/2017,11817.12333505
07/02/2017,11816.63852073
07/03/2017,11816.15331416
07/04/2017,11839.72965764
07/05/2017,11836.61813528
07/06/2017,11776.40835145
07/07/2017,11813.72773719
07/08/2017,11813.28049729
07/09/2017,11812.83368768
07/10/2017,11851.35906058
07/11/2017,11873.95095699
07/12/2017,11970.17808121
07/13/2017,12002.11833672
07/14/2017,12071.47579013
07/15/2017,12071.05276738
07/16/2017,12070.63253256
07/17/2017,12056.82326036
07/18/2017,12072.67558536
07/19/2017,12114.58452806
07/20/2017,12113.96586923
07/21/2017,12126.21747791
07/22/2017,12125.77032343
07/23/2017,12125.32281636
07/24/2017,12110.25571622
07/25/2017,12158.39523073
07/26/2017,12220.69613953
07/27/2017,12179.58004506
07/28/2017,12194.88083033
07/29/2017,12194.41934759
07/30/2017,12193.9514908
07/31/2017,12220.96349465
08/01/2017,12263.91534923
08/02/2017,12274.47244854
08/03/2017,12265.89941704
08/04/2017,12278.05568598
08/05/2017,12277.57086444
08/06/2017,12277.08671276
08/07/2017,12276.60258765
08/08/2017,12262.53288041
08/09/2017,12223.11466381
08/10/2017,12079.53164817
08/11/2017,12081.04009104
08/12/2017,12081.6324042
08/13/2017,12082.16800849
08/14/2017,12168.84364548
08/15/2017,12150.40132901
08/16/2017,12202.35523448
08/17/2017,12077.91741572
08/18/2017,12110.81757119
08/19/2017,12111.24626699
08/20/2017,12111.67638074
08/21/2017,12112.10965011
08/22/2017,12169.00839233
08/23/2017,12192.32019633
08/24/2017,12175.77778582
08/25/2017,12245.35159954
08/26/2017,12245.80800289
08/27/2017,12246.26786673
08/28/2017,12250.00880436
08/29/2017,12213.06589237
08/30/2017,12209.92452124
08/31/2017,12291.43250786
09/01/2017,12313.66714647
09/02/2017,12314.09407989
09/03/2017,12314.52440882
09/04/2017,12316.04179628
09/05/2017,12250.57396634
09/06/2017,12324.56231776
09/07/2017,12398.31907776
09/08/2017,12390.58058528
09/09/2017,12390.99466103
09/10/2017,12391.40103506
09/11/2017,12478.16637693
09/12/2017,12520.39890064
09/13/2017,12461.06061805
09/14/2017,12493.97447602
09/15/2017,12508.23536707
09/16/2017,12508.70378441
09/17/2017,12509.17240638
09/18/2017,12534.22079825
09/19/2017,12557.80986384
09/20/2017,12523.26493355
09/21/2017,12521.63619284
09/22/2017,12524.90273409
09/23/2017,12525.3246432
09/24/2017,12525.75057283
09/25/2017,12448.1294876
09/26/2017,12409.00504574
09/27/2017,12412.57877947
09/28/2017,12458.27745968
09/29/2017,12554.11241587
09/30/2017,12554.38818263
10/01/2017,12554.85772155
10/02/2017,12555.24091239
10/03/2017,12602.48117797
10/04/2017,12612.9802727
10/05/2017,12616.88038143
10/06/2017,12612.1033647
10/07/2017,12612.52434115
10/08/2017,12612.95255044
10/09/2017,12599.33527086
10/10/2017,12677.4746803
10/11/2017,12695.67029534
10/12/2017,12684.06742414
10/13/2017,12736.16037167
10/14/2017,12736.50490396
10/15/2017,12736.85110156
10/16/2017,12737.20490081
10/17/2017,12734.33387622
10/18/2017,12768.53874079
10/19/2017,12739.24106108
10/20/2017,12759.22039314
10/21/2017,12759.5263193
10/22/2017,12759.83763495
10/23/2017,12714.90454834
10/24/2017,12734.15117253
10/25/2017,12700.69963372
10/26/2017,12702.76793756
10/27/2017,12767.99887592
10/28/2017,12768.2343485
10/29/2017,12768.47267633
10/30/2017,12750.15025839
10/31/2017,12781.43555386
11/01/2017,12812.39147138
11/02/2017,12864.1408853
11/03/2017,12840.94026519
11/04/2017,12841.00980217
11/05/2017,12841.07865574
11/06/2017,12841.14519826
11/07/2017,12832.44325774
11/08/2017,12877.21427419
11/09/2017,12822.9856543
11/10/2017,12784.78924032
11/11/2017,12784.83266085
11/12/2017,12784.87572309
11/13/2017,12784.92153778
11/14/2017,12756.87055415
11/15/2017,12709.46152457
11/16/2017,12835.49247333
11/17/2017,12821.51046098
11/18/2017,12821.56460354
11/19/2017,12821.62091718
11/20/2017,12843.98539737
11/21/2017,12953.71615449
11/22/2017,12969.6613447
11/23/2017,12970.14131143
11/24/2017,12997.89366368
11/25/2017,12997.90162083
11/26/2017,12997.90895644
11/27/2017,12943.52803281
11/28/2017,13036.40899832
11/29/2017,12989.43474008
11/30/2017,12986.47867734
12/01/2017,12962.32541527
12/02/2017,12962.34129157
12/03/2017,12962.36038058
12/04/2017,12952.05518432
12/05/2017,12928.0250845
12/06/2017,12883.91506238
12/07/2017,12894.69018246
12/08/2017,12894.67454238
12/09/2017,12894.66262983
12/10/2017,12894.65285295
12/11/2017,12987.57345046
12/12/2017,12962.69238079
12/13/2017,12990.95056327
12/14/2017,12925.64366569
12/15/2017,12923.74212018
12/16/2017,12923.70180335
12/17/2017,12923.66100087
12/18/2017,13075.21596341
12/19/2017,12939.05969539
12/20/2017,12923.74254008
12/21/2017,12942.02374411
12/22/2017,12986.79523637
12/23/2017,12986.76697259
12/24/2017,12986.73717091
12/25/2017,12986.70827091
12/26/2017,13062.84692
12/27/2017,13090.75118561
12/28/2017,13144.79601948
12/29/2017,13144.77292362
12/30/2017,13144.76769881
12/31/2017,13144.76033405
01/01/2018,13144.75750789
01/02/2018,13225.56787641
01/03/2018,13288.7770433
01/04/2018,13417.08854894
01/05/2018,13495.55297408
01/06/2018,13495.52796163
01/07/2018,13495.50215156
01/08/2018,13495.48064488
01/09/2018,13491.24944184
01/10/2018,13477.19658058
01/11/2018,13555.9239135
01/12/2018,13669.99451905
01/13/2018,13670.00226208
01/14/2018,13670.01591882
01/15/2018,13671.69165198
01/16/2018,13686.8766614
01/17/2018,13763.50119205
01/18/2018,13728.6638986
01/19/2018,13805.80681569
01/20/2018,13805.8350174
01/21/2018,13805.86541529
01/22/2018,13866.04987662
01/23/2018,13896.40576082
01/24/2018,13929.86991868
01/25/2018,13903.39896377
01/26/2018,14035.38410123
01/27/2018,14035.32682855
01/28/2018,14035.25186391
01/29/2018,13958.84210798
01/30/2018,13819.50618919
01/31/2018,13847.67895428
02/01/2018,13866.56531067
02/02/2018,13596.77798066
02/03/2018,13596.67892405
02/04/2018,13596.5739697
02/05/2018,13139.22492286
02/06/2018,13438.2047431
02/07/2018,13233.99352468
02/08/2018,12892.84477766
02/09/2018,13034.82903438
02/10/2018,13034.87963694
02/11/2018,13034.92933648
02/12/2018,13212.05608736
02/13/2018,13162.6785194
02/14/2018,13389.38493774
02/15/2018,13475.55360558
02/16/2018,13551.73749841
02/17/2018,13551.58957973
02/18/2018,13551.44283913
02/19/2018,13552.6740924
02/20/2018,13405.148738
02/21/2018,13326.23739886
02/22/2018,13359.42635621
02/23/2018,13515.8130283
02/24/2018,13515.53807801
02/25/2018,13515.26664177
02/26/2018,13632.8377513
02/27/2018,13428.60790087
02/28/2018,13304.82302931
03/01/2018,13114.44305679
03/02/2018,13186.1567144
03/03/2018,13185.98094528
03/04/2018,13185.80421803
03/05/2018,13221.96991749
03/06/2018,13362.01407187
03/07/2018,13351.64526478
03/08/2018,13366.4899202
03/09/2018,13477.95841272
03/10/2018,13477.65340842
03/11/2018,13477.34560979
03/12/2018,13489.69526771
03/13/2018,13388.35176505
03/14/2018,13407.07255601
03/15/2018,13389.68597898
03/16/2018,13365.38232576
03/17/2018,13365.18433664
03/18/2018,13364.97484353
03/19/2018,13364.76973382
03/20/2018,13299.15743133
03/21/2018,13359.04568396
03/22/2018,13099.05407713
03/23/2018,12906.08692775
03/24/2018,12905.97340119
03/25/2018,12905.8594183
03/26/2018,13150.12975171
03/27/2018,13016.66974421
03/28/2018,13082.55776162
03/29/2018,13082.41764892
03/30/2018,13082.27693735
03/31/2018,13082.12952562
04/01/2018,13081.97179699
04/02/2018,13035.64652384
04/03/2018,13174.08330834
04/04/2018,13179.90931059
04/05/2018,13237.43310277
04/06/2018,13081.6764468
04/07/2018,13081.59831882
04/08/2018,13081.52090516
04/09/2018,13133.22812171
04/10/2018,13300.66263002
04/11/2018,13258.85470048
04/12/2018,13320.95303242
04/13/2018,13288.86862838
04/14/2018,13288.69551278
04/15/2018,13288.52887121
04/16/2018,13345.92172955
04/17/2018,13416.91650236
04/18/2018,13451.43417224
04/19/2018,13416.12052601
04/20/2018,13340.2855149
04/21/2018,13340.05292548
04/22/2018,13339.82141769
04/23/2018,13333.33364707
04/24/2018,13228.96130719
04/25/2018,13212.37309311
04/26/2018,13301.68820495
04/27/2018,13342.08947924
04/28/2018,13341.75876579
04/29/2018,13341.4241188
04/30/2018,13283.44230158
05/01/2018,13283.09216688
05/02/2018,13216.12941627
05/03/2018,13214.47266753
05/04/2018,13259.7119825
05/05/2018,13259.37240321
05/06/2018,13259.0355466
05/07/2018,13226.34520717
05/08/2018,13228.63729946
05/09/2018,13318.34443057
05/10/2018,13476.95012683
05/11/2018,13495.32740938
05/12/2018,13495.07363036
05/13/2018,13494.78940603
05/14/2018,13494.53762757
05/15/2018,13370.81884177
05/16/2018,13436.28278903
05/17/2018,13357.76399086
05/18/2018,13301.81276974
05/19/2018,13301.60176587
05/20/2018,13301.39350182
05/21/2018,13375.16832526
05/22/2018,13367.75038309
05/23/2018,13352.61182369
05/24/2018,13345.52726843
05/25/2018,13316.48671207
05/26/2018,13316.28070657
05/27/2018,13316.07843263
05/28/2018,13316.3230227
05/29/2018,13130.73431251
05/30/2018,13278.04563972
05/31/2018,13218.00218021
06/01/2018,13339.23396938
06/02/2018,13339.06295275
06/03/2018,13338.89040804
06/04/2018,13338.71830233
06/05/2018,13350.02903543
06/06/2018,13489.79776444
06/07/2018,13430.69399158
06/08/2018,13451.98623554
06/09/2018,13451.78251371
06/10/2018,13451.56047554
06/11/2018,13451.23790339
06/12/2018,13471.71050802
06/13/2018,13418.431747
06/14/2018,13372.82067051
06/15/2018,13309.94118668
06/16/2018,13309.63568635
06/17/2018,13309.44062942
06/18/2018,13207.88654586
06/19/2018,13006.82441391
06/20/2018,13026.08656315
06/21/2018,12970.45132389
06/22/2018,13034.67537291
06/23/2018,13034.48031256
06/24/2018,13034.34018533
06/25/2018,12887.87077047
06/26/2018,12876.69687915
06/27/2018,12736.32318975
06/28/2018,12788.7221612
06/29/2018,12858.47974662
06/30/2018,12858.34592575
07/01/2018,12858.23610838
07/02/2018,12858.12611765
07/03/2018,12785.03097425
07/04/2018,12785.07135933
07/05/2018,12836.98346427
07/06/2018,12953.00467369
07/07/2018,12952.89237137
07/08/2018,12952.77913779
07/09/2018,13070.95894517
07/10/2018,13103.08724122
07/11/2018,12950.09697532
07/12/2018,13066.00387311
07/13/2018,13080.88978679
07/14/2018,13080.84457357
07/15/2018,13080.80066399
07/16/2018,13055.69180355
07/17/2018,13104.87102418
07/18/2018,13117.76477499
07/19/2018,13050.72931233
07/20/2018,13050.68114677
07/21/2018,13050.63816468
07/22/2018,13050.59859272
07/23/2018,13128.45072463
07/24/2018,13235.81824278
07/25/2018,13393.62926942
07/26/2018,13307.80664824
07/27/2018,13292.56002271
07/28/2018,13292.48907329
07/29/2018,13292.41830392
07/30/2018,13263.19199478
07/31/2018,13321.11599875
08/01/2018,13291.18276859
08/02/2018,13248.12620211
08/03/2018,13311.75436599
08/04/2018,13311.6399345
08/05/2018,13311.52644991
08/06/2018,13277.07924037
08/07/2018,13276.96700693
08/08/2018,13326.86284183
08/09/2018,13324.24693601
08/10/2018,13171.18863597
08/11/2018,13171.11152161
08/12/2018,13171.01882094
08/13/2018,13090.06231353
08/14/2018,13145.4908146
08/15/2018,12937.84631095
08/16/2018,13037.37461835
08/17/2018,13106.70549779
08/18/2018,13106.6135884
08/19/2018,13106.52257466
08/20/2018,13106.43409984
08/21/2018,13209.77000443
08/22/2018,13244.50835775
08/23/2018,13140.70409966
08/24/2018,13260.24768031
08/25/2018,13260.10574443
08/26/2018,13259.96235659
08/27/2018,13391.61783225
08/28/2018,13371.66645594
08/29/2018,13460.11543442
08/30/2018,13288.01605345
08/31/2018,13320.48719688
09/01/2018,13320.32654948
09/02/2018,13320.16621709
09/03/2018,13320.11249828
09/04/2018,13227.49720778
09/05/2018,13110.50571887
09/06/2018,13083.28294153
09/07/2018,13032.8288962
09/08/2018,13032.69412857
09/09/2018,13032.56010458
09/10/2018,12991.71192943
09/11/2018,13017.28299264
09/12/2018,13053.288572
09/13/2018,13160.47835904
09/14/2018,13155.00448013
09/15/2018,13154.92890559
09/16/2018,13154.85218891
09/17/2018,13125.10037981
09/18/2018,13217.25005426
09/19/2018,13285.91984663
09/20/2018,13405.86905788
09/21/2018,13414.47472347
09/22/2018,13414.34599418
09/23/2018,13414.21537502
09/24/2018,13335.22885758
09/25/2018,13356.50387125
09/26/2018,13344.19085337
09/27/2018,13349.12028797
09/28/2018,13296.58320387
09/29/2018,13296.27426207
09/30/2018,13295.94427076
10/01/2018,13329.7846196
10/02/2018,13301.42372971
10/03/2018,13307.31244791
10/04/2018,13157.15554481
10/05/2018,13074.0777637
10/06/2018,13073.95949757
10/07/2018,13073.84123763
10/08/2018,13046.80144039
10/09/2018,13040.08859386
10/10/2018,12729.79608189
10/11/2018,12544.48243779
10/12/2018,12692.07307615
10/13/2018,12691.92165577
10/14/2018,12691.77032325
10/15/2018,12691.620727
10/16/2018,12859.91120084
10/17/2018,12827.39983199
10/18/2018,12652.14668207
10/19/2018,12677.27546943
10/20/2018,12677.12407796
10/21/2018,12676.97341373
10/22/2018,12640.46479438
10/23/2018,12545.09463644
10/24/2018,12222.85685221
10/25/2018,12375.5275784
10/26/2018,12223.48517724
10/27/2018,12223.3072949
10/28/2018,12223.13234335
10/29/2018,12170.10787809
10/30/2018,12314.70106409
10/31/2018,12411.27713315
11/01/2018,12624.81453439
11/02/2018,12609.71827697
11/03/2018,12609.49032223
11/04/2018,12609.26403589
11/05/2018,12609.03745303
11/06/2018,12677.97593481
11/07/2018,12910.24300875
11/08/2018,12801.3859528
11/09/2018,12741.27001887
11/10/2018,12741.08539628
11/11/2018,12740.90231916
11/12/2018,12740.72177714
11/13/2018,12547.14765366
11/14/2018,12504.2140935
11/15/2018,12615.60107172
11/16/2018,12673.39613171
11/17/2018,12673.23432969
11/18/2018,12673.07766853
11/19/2018,12512.2927281
11/20/2018,12276.42281476
11/21/2018,12367.1778311
11/22/2018,12367.81767596
11/23/2018,12277.27032901
11/24/2018,12277.09629643
11/25/2018,12276.92638642
11/26/2018,12398.18000662
11/27/2018,12419.40806285
11/28/2018,12676.31322535
11/29/2018,12667.07983409
11/30/2018,12693.63387715
12/01/2018,12693.44887713
12/02/2018,12693.26893562
12/03/2018,12828.78683016
12/04/2018,12544.05710273
12/05/2018,12552.93716983
12/06/2018,12494.06418235
12/07/2018,12294.11628391
12/08/2018,12293.93197084
12/09/2018,12293.74545174
12/10/2018,12274.56204385
12/11/2018,12303.85883779
12/12/2018,12390.64581201
12/13/2018,12382.83462961
12/14/2018,12194.79840148
12/15/2018,12194.65967097
12/16/2018,12194.52386057
12/17/2018,12036.52554671
12/18/2018,12037.62141547
12/19/2018,11895.53201984
12/20/2018,11793.0579616
12/21/2018,11580.71070394
12/22/2018,11580.58262588
12/23/2018,11580.46288646
12/24/2018,11422.66637342
12/25/2018,11422.57350353
12/26/2018,11794.93406717
12/27/2018,11863.20990985
12/28/2018,11880.09201354
12/29/2018,11879.97956749
12/30/2018,11879.87022667
12/31/2018,11879.76851332
01/01/2019,11879.66990483
01/02/2019,11903.40792195
01/03/2019,11704.9907583
01/04/2019,12038.60321557
01/05/2019,12038.47040052
01/06/2019,12038.32962766
01/07/2019,12038.18982562
01/08/2019,12162.26202395
01/09/2019,12246.35471385
01/10/2019,12290.4840551
01/11/2019,12293.20898267
01/12/2019,12293.06380243
01/13/2019,12292.92126922
01/14/2019,12245.54081991
01/15/2019,12314.15559667
01/16/2019,12334.41510521
01/17/2019,12418.07336455
01/18/2019,12516.79924517
01/19/2019,12516.64817635
01/20/2019,12516.49673874
01/21/2019,12516.27037897
01/22/2019,12373.81423983
01/23/2019,12422.28799784
01/24/2019,12427.68128424
01/25/2019,12546.19426975
01/26/2019,12546.06376646
01/27/2019,12545.93730872
01/28/2019,12470.25044935
01/29/2019,12467.98459587
01/30/2019,12617.14334199
01/31/2019,12672.68272763
02/01/2019,12662.81171064
02/02/2019,12662.68667867
02/03/2019,12662.45541419
02/04/2019,12724.33454563
02/05/2019,12811.1577837
02/06/2019,12770.31325802
02/07/2019,12655.9514155
02/08/2019,12654.24515494
02/09/2019,12654.13980064
02/10/2019,12654.03525939
02/11/2019,12617.25582219
02/12/2019,12720.63321074
02/13/2019,12736.81632919
02/14/2019,12731.18799842
02/15/2019,12842.41715722
02/16/2019,12842.32609141
02/17/2019,12842.23651559
02/18/2019,12842.91988386
02/19/2019,12881.13436364
02/20/2019,12918.68145509
02/21/2019,12872.83443451
02/22/2019,12942.79938463
02/23/2019,12942.75396041
02/24/2019,12942.7111194
02/25/2019,12980.10565358
02/26/2019,13001.73391989
02/27/2019,12961.91771813
02/28/2019,12924.44964383
03/01/2019,12964.16408509
03/02/2019,12964.09713657
03/03/2019,12964.03402187
03/04/2019,12956.80212172
03/05/2019,12991.71689696
03/06/2019,12964.90173281
03/07/2019,12856.46384563
03/08/2019,12859.39973778
03/09/2019,12859.36535037
03/10/2019,12859.33279994
03/11/2019,12964.56209986
03/12/2019,12977.37833169
03/13/2019,13084.35473886
03/14/2019,13085.00238991
03/15/2019,13209.45251135
03/16/2019,13209.48409188
03/17/2019,13209.51866616
03/18/2019,13260.13215751
03/19/2019,13267.00361126
03/20/2019,13258.25274604
03/21/2019,13274.51415068
03/22/2019,13083.20904114
03/23/2019,13083.25335244
03/24/2019,13083.30199001
03/25/2019,13083.35637707
03/26/2019,13143.55344729
03/27/2019,13127.54830759
03/28/2019,13113.81745415
03/29/2019,13177.41690223
03/30/2019,13177.38096389
03/31/2019,13177.35207789
04/01/2019,13297.2781543
04/02/2019,13316.82228337
04/03/2019,13373.81502521
04/04/2019,13359.2785738
04/05/2019,13342.19895327
04/06/2019,13342.24412364
04/07/2019,13342.2926907
04/08/2019,13375.56884515
04/09/2019,13313.96402832
04/10/2019,13345.19853825
04/11/2019,13284.12168801
04/12/2019,13360.24211167
04/13/2019,13360.28466435
04/14/2019,13360.33088992
04/15/2019,13379.62751145
04/16/2019,13374.66317287
04/17/2019,13358.57420259
04/18/2019,13358.59547399
04/19/2019,13358.61952616
04/20/2019,13358.64547611
04/21/2019,13358.67052482
04/22/2019,13312.86645251
04/23/2019,13351.54447701
04/24/2019,13286.94823485
04/25/2019,13269.87315938
04/26/2019,13331.93343693
04/27/2019,13331.9704766
04/28/2019,13332.0076777
04/29/2019,13356.14436752
04/30/2019,13380.25806239
05/01/2019,13380.27896985
05/02/2019,13240.26587751
05/03/2019,13380.79386268
05/04/2019,13380.7786182
05/05/2019,13380.76646447
05/06/2019,13281.26446566
05/07/2019,13097.98824694
05/08/2019,13056.49345328
05/09/2019,12996.50299505
05/10/2019,13007.0720507
05/11/2019,13007.11453701
05/12/2019,13007.15469573
05/13/2019,12727.03961041
05/14/2019,12838.86482244
05/15/2019,12865.42474339
05/16/2019,12905.04408413
05/17/2019,12832.98682556
05/18/2019,12833.06731077
05/19/2019,12833.13891065
05/20/2019,12824.03613643
05/21/2019,12912.32443011
05/22/2019,12854.85536202
05/23/2019,12753.43037835
05/24/2019,12792.63837622
05/25/2019,12792.7643179
05/26/2019,12792.89336723
05/27/2019,12793.00501194
05/28/2019,12747.26871194
05/29/2019,12753.12597441
05/30/2019,12800.73139301
05/31/2019,12786.53141047
06/01/2019,12786.62499325
06/02/2019,12786.71971215
06/03/2019,12786.81471694
06/04/2019,12942.22362362
06/05/2019,12982.43509526
06/06/2019,13022.17598831
06/07/2019,13131.86723019
06/08/2019,13132.03169593
06/09/2019,13132.19787619
06/10/2019,13154.4016987
06/11/2019,13175.63874327
06/12/2019,13123.20715253
06/13/2019,13156.84286743
06/14/2019,13108.42785577
06/15/2019,13108.60232929
06/16/2019,13108.77499978
06/17/2019,12971.69368338
06/18/2019,13187.68443965
06/19/2019,13217.35562125
06/20/2019,13352.20613404
06/21/2019,13318.52507455
06/22/2019,13318.63850158
06/23/2019,13318.75558366
06/24/2019,13318.87455217
06/25/2019,13243.89761465
06/26/2019,13274.97068005
06/27/2019,13340.46973964
06/28/2019,13376.02446336
06/29/2019,13376.27881999
06/30/2019,13376.53325744
07/01/2019,13376.78891478
07/02/2019,13491.46344005
07/03/2019,13550.99311412
07/04/2019,13551.41596473
07/05/2019,13506.18225179
07/06/2019,13506.44076545
07/07/2019,13506.70473809
07/08/2019,13444.91207553
07/09/2019,13417.32782074
07/10/2019,13482.96931629
07/11/2019,13480.6453264
07/12/2019,13504.27370452
07/13/2019,13504.48378717
07/14/2019,13504.68018303
07/15/2019,13507.13892043
07/16/2019,13461.46370892
07/17/2019,13438.27867752
07/18/2019,13463.10619823
07/19/2019,13424.93491422
07/20/2019,13425.11304385
07/21/2019,13425.29400608
07/22/2019,13443.04016949
07/23/2019,13479.20999517
07/24/2019,13521.91436483
07/25/2019,13418.43962374
07/26/2019,13446.66737363
07/27/2019,13446.80054431
07/28/2019,13446.9231214
07/29/2019,13426.51108918
07/30/2019,13352.28100607
07/31/2019,13274.60868269
08/01/2019,13196.32720566
08/02/2019,13111.65074617
08/03/2019,13111.76880211
08/04/2019,13111.89635014
08/05/2019,12779.00600898
08/06/2019,12923.59296187
08/07/2019,12923.81316036
08/08/2019,13137.89638635
08/09/2019,13006.55723327
08/10/2019,13006.74664268
08/11/2019,13006.93553486
08/12/2019,12855.36038555
08/13/2019,12965.98963809
08/14/2019,12659.5148301
08/15/2019,12740.18791213
08/16/2019,12892.29091729
08/17/2019,12892.52440337
08/18/2019,12892.74334908
08/19/2019,12892.94775174
08/20/2019,12903.4163353
08/21/2019,12937.3056382
08/22/2019,12852.11645508
08/23/2019,12755.58771644
08/24/2019,12755.68273181
08/25/2019,12755.77560818
08/26/2019,12876.89916672
08/27/2019,12886.2621757
08/28/2019,12895.9400625
08/29/2019,12967.01060927
08/30/2019,13015.12857857
08/31/2019,13015.03671685
09/01/2019,13014.93080939
09/02/2019,13019.96851868
09/03/2019,12952.57546397
09/04/2019,13081.42652798
09/05/2019,13149.8562991
09/06/2019,13199.00245672
09/07/2019,13198.89424151
09/08/2019,13198.78234145
09/09/2019,13227.87251016
09/10/2019,13250.92135382
09/11/2019,13350.58614036
09/12/2019,13397.2452529
09/13/2019,13488.38374957
09/14/2019,13488.18329711
09/15/2019,13487.9784426
09/16/2019,13412.78502743
09/17/2019,13431.32104642
09/18/2019,13383.85168869
09/19/2019,13380.33231381
09/20/2019,13408.52751391
09/21/2019,13408.33336948
09/22/2019,13408.13670261
09/23/2019,13409.95771308
09/24/2019,13385.55027069
09/25/2019,13394.30931542
09/26/2019,13416.84840519
09/27/2019,13332.12120199
09/28/2019,13331.98698217
09/29/2019,13331.83914659
09/30/2019,13371.04462401
10/01/2019,13226.71312305
10/02/2019,13120.88027158
10/03/2019,13209.19315578
10/04/2019,13278.49368559
10/05/2019,13278.31313665
10/06/2019,13278.12026104
10/07/2019,13205.89597004
10/08/2019,13102.02520313
10/09/2019,13138.60639748
10/10/2019,13204.28891317
10/11/2019,13358.88576276
10/12/2019,13358.66537786
10/13/2019,13358.44307969
10/14/2019,13358.21886754
10/15/2019,13401.71306786
10/16/2019,13444.74588638
10/17/2019,13456.66878764
10/18/2019,13426.71375321
10/19/2019,13426.38194328
10/20/2019,13426.00749119
10/21/2019,13486.86411291
10/22/2019,13470.39534501
10/23/2019,13500.07273225
10/24/2019,13529.25460371
10/25/2019,13577.19736647
10/26/2019,13576.84214952
10/27/2019,13576.4879067
10/28/2019,13645.26188149
10/29/2019,13635.9589937
10/30/2019,13685.85533441
10/31/2019,13683.23879581
11/01/2019,13795.92154191
11/02/2019,13795.69183818
11/03/2019,13795.46037706
11/04/2019,13795.22616145
11/05/2019,13828.05507037
11/06/2019,13820.31727013
11/07/2019,13862.75772726
11/08/2019,13826.29692356
11/09/2019,13826.09375233
11/10/2019,13825.88526212
11/11/2019,13825.67553741
11/12/2019,13780.28598449
11/13/2019,13767.00601931
11/14/2019,13746.60352234
11/15/2019,13877.42785459
11/16/2019,13877.31764423
11/17/2019,13877.20170001
11/18/2019,13881.3380316
11/19/2019,13888.91775163
11/20/2019,13864.91481351
11/21/2019,13818.82010393
11/22/2019,13811.25089048
11/23/2019,13811.25865102
11/24/2019,13811.2645789
11/25/2019,13900.57967585
11/26/2019,13903.25445863
11/27/2019,13955.45185663
11/28/2019,13960.08191826
11/29/2019,13922.73945739
11/30/2019,13922.64605351
12/01/2019,13922.58218837
12/02/2019,13893.70389046
12/03/2019,13806.92413063
12/04/2019,13927.37622229
12/05/2019,13943.239579
12/06/2019,14015.16518641
12/07/2019,14015.27563043
12/08/2019,14015.37948784
12/09/2019,13970.24307647
12/10/2019,13959.3859473
12/11/2019,14044.37287911
12/12/2019,14147.19289859
12/13/2019,14173.2436596
12/14/2019,14173.27373768
12/15/2019,14173.2556811
12/16/2019,14244.04332988
12/17/2019,14207.03631446
12/18/2019,14239.20733461
12/19/2019,14278.88289092
12/20/2019,14311.65644889
12/21/2019,14311.60064197
12/22/2019,14311.54690189
12/23/2019,14334.42162828
12/24/2019,14337.65034816
12/25/2019,14337.61642654
12/26/2019,14391.3765533
12/27/2019,14412.65265267
12/28/2019,14412.57297775
12/29/2019,14412.47610237
12/30/2019,14338.35256289
12/31/2019,14338.27650123
01/01/2020,14338.18502449
01/02/2020,14474.79153391
01/03/2020,14369.38132887
01/04/2020,14369.267556
01/05/2020,14369.15397019
01/06/2020,14369.04265443
01/07/2020,14375.39850712
01/08/2020,14429.17868915
01/09/2020,14464.55607486
01/10/2020,14465.43794554
01/11/2020,14465.42736572
01/12/2020,14465.42264851
01/13/2020,14550.35338287
01/14/2020,14535.98779281
01/15/2020,14557.29181836
01/16/2020,14652.12316916
01/17/2020,14690.7483909
01/18/2020,14690.84212292
01/19/2020,14690.93758204
01/20/2020,14690.85275918
01/21/2020,14582.92392092
01/22/2020,14620.27659927
01/23/2020,14642.43279597
01/24/2020,14561.14332426
01/25/2020,14561.31289796
01/26/2020,14561.49930992
01/27/2020,14333.18553537
01/28/2020,14411.73710418
01/29/2020,14391.2417146
01/30/2020,14380.84176679
01/31/2020,14122.31281223
02/01/2020,14122.58256902
02/02/2020,14122.84916812
02/03/2020,14163.55950074
02/04/2020,14380.93569772
02/05/2020,14516.8703733
02/06/2020,14572.75315378
02/07/2020,14483.43965911
02/08/2020,14483.63559862
02/09/2020,14483.82709426
02/10/2020,14537.81175425
02/11/2020,14622.20602417
02/12/2020,14695.42973121
02/13/2020,14622.18483106
02/14/2020,14626.30208904
02/15/2020,14626.51609006
02/16/2020,14626.72808541
02/17/2020,14626.44466696
02/18/2020,14571.04845532
02/19/2020,14633.24700503
02/20/2020,14565.59134979
02/21/2020,14447.42291161
02/22/2020,14447.66545292
02/23/2020,14447.89666848
02/24/2020,13931.51719143
02/25/2020,13651.96842145
02/26/2020,13566.39608859
02/27/2020,13135.16059694
02/28/2020,12977.04586991
02/29/2020,12977.03948935
03/01/2020,12977.18439648
03/02/2020,13411.90050647
03/03/2020,13155.49158214
03/04/2020,13571.78685544
03/05/2020,13152.26041748
03/06/2020,12940.20865135
03/07/2020,12940.66150032
03/08/2020,12941.1294783
03/09/2020,11803.02923432
03/10/2020,12459.49017123
03/11/2020,11769.53190161
03/12/2020,10221.62895617
03/13/2020,11311.08409894
03/14/2020,11311.53934617
03/15/2020,11311.980276
03/16/2020,9621.53645753
03/17/2020,10330.07218551
03/18/2020,9445.4289186
03/19/2020,9510.21957533
03/20/2020,9208.51113553
03/21/2020,9208.89154084
03/22/2020,9209.26486896
03/23/2020,9209.63036159
03/24/2020,9924.07290179
03/25/2020,10255.65728968
03/26/2020,10893.70019023
03/27/2020,10335.59761048
03/28/2020,10335.81441112
03/29/2020,10336.02329025
03/30/2020,10690.06836673
03/31/2020,10606.33892272
04/01/2020,10085.17848549
04/02/2020,10405.94812455
04/03/2020,10133.28999158
04/04/2020,10133.22760995
04/05/2020,10133.16364675
04/06/2020,10917.43061088
04/07/2020,10847.59489599
04/08/2020,11099.56999156
04/09/2020,11099.59298003
04/10/2020,11099.61225994
04/11/2020,11099.63010334
04/12/2020,11099.64423845
04/13/2020,11190.92562962
04/14/2020,11502.17863528
04/15/2020,11204.89189508
04/16/2020,11248.13426351
04/17/2020,11535.32856208
04/18/2020,11535.62015142
04/19/2020,11535.91322894
04/20/2020,11307.17995445
04/21/2020,10973.18189873
04/22/2020,11262.64120981
04/23/2020,11236.58822639
04/24/2020,11333.81422596
04/25/2020,11334.1815339
04/26/2020,11334.55049066
04/27/2020,11536.3697087
04/28/2020,11567.99212737
04/29/2020,11883.25046737
04/30/2020,11690.52187255
05/01/2020,11690.90877211
05/02/2020,11691.29006738
05/03/2020,11691.66423582
05/04/2020,11464.1336201
05/05/2020,11526.02431737
05/06/2020,11438.68430973
05/07/2020,11540.31477387
05/08/2020,11685.11216629
05/09/2020,11685.4182422
05/10/2020,11685.757821
05/11/2020,11695.79096895
05/12/2020,11538.05283614
05/13/2020,11433.88852526
05/14/2020,11441.93840464
05/15/2020,11429.92862713
05/16/2020,11430.33813065
05/17/2020,11430.74588981
05/18/2020,11757.891961
05/19/2020,11664.87130598
05/20/2020,11834.26360821
05/21/2020,11770.82238642
05/22/2020,11705.19809145
05/23/2020,11705.46702357
05/24/2020,11705.72950954
05/25/2020,11705.99040258
05/26/2020,11944.89957983
05/27/2020,12015.59504036
05/28/2020,12072.25492067
05/29/2020,12100.97107118
05/30/2020,12101.18252054
05/31/2020,12101.42010785
06/01/2020,12318.51169673
06/02/2020,12483.26637179
06/03/2020,12746.15423851
06/04/2020,12658.49937804
06/05/2020,12832.08485272
06/06/2020,12832.31328302
06/07/2020,12832.53886653
06/08/2020,13018.14051127
06/09/2020,12888.91230651
06/10/2020,12837.0472992
06/11/2020,12163.51849251
06/12/2020,12348.66754611
06/13/2020,12348.9754064
06/14/2020,12349.2822984
06/15/2020,12349.58822304
06/16/2020,12468.07293026
06/17/2020,12582.33946698
06/18/2020,12559.05505591
06/19/2020,12482.16416225
06/20/2020,12482.48708883
06/21/2020,12482.81313463
06/22/2020,12483.14230001
06/23/2020,12651.9751605
06/24/2020,12372.76556377
06/25/2020,12503.43179176
06/26/2020,12260.78631146
06/27/2020,12261.07331021
06/28/2020,12261.36723541
06/29/2020,12261.66939854
06/30/2020,12554.15102615
07/01/2020,12615.82149493
07/02/2020,12718.85892111
07/03/2020,12717.60790191
07/04/2020,12717.89777867
07/05/2020,12718.18985578
07/06/2020,12932.7279649
07/07/2020,12805.17531499
07/08/2020,12979.24292623
07/09/2020,12816.9977366
07/10/2020,12881.41185729
07/11/2020,12881.75633835
07/12/2020,12882.10470465
07/13/2020,12789.93037777
07/14/2020,12946.44282261
07/15/2020,13098.28598275
07/16/2020,13032.46675768
07/17/2020,13100.36512051
07/18/2020,13100.65794801
07/19/2020,13100.95530548
07/20/2020,13101.2568106
07/21/2020,13213.43825395
07/22/2020,13203.79567485
07/23/2020,13099.29447707
07/24/2020,13080.02948561
07/25/2020,13080.3402063
07/26/2020,13080.65506322
07/27/2020,13215.37741255
07/28/2020,13172.60166944
07/29/2020,13295.48332918
07/30/2020,13138.1582439
07/31/2020,12986.52474674
08/01/2020,12986.73763334
08/02/2020,12986.93632261
08/03/2020,13069.19926866
08/04/2020,13163.81935179
08/05/2020,13250.66687341
08/06/2020,13272.41455357
08/07/2020,13272.61066775
08/08/2020,13272.80748412
08/09/2020,13273.00759446
08/10/2020,13222.97010131
08/11/2020,13177.58141143
08/12/2020,13344.04146448
08/13/2020,13314.66179557
08/14/2020,13299.92907045
08/15/2020,13300.09295293
08/16/2020,13300.25802451
08/17/2020,13300.42428549
08/18/2020,13436.93781601
08/19/2020,13328.22205706
08/20/2020,13346.93725289
08/21/2020,13406.98572623
08/22/2020,13407.15265211
08/23/2020,13407.32534255
08/24/2020,13550.81665313
08/25/2020,13595.17849278
08/26/2020,13700.18671906
08/27/2020,13669.34796333
08/28/2020,13773.90914317
08/29/2020,13774.0142632
08/30/2020,13774.10943239
08/31/2020,13647.47394829
09/01/2020,13720.42896381
09/02/2020,13827.19370345
09/03/2020,13474.69001291
09/04/2020,13448.77964539
09/05/2020,13448.88340556
09/06/2020,13448.98762148
09/07/2020,13449.08452122
09/08/2020,13230.11059821
09/09/2020,13395.19792732
09/10/2020,13272.38645366
09/11/2020,13377.08350083
09/12/2020,13377.1357044
09/13/2020,13377.18303105
09/14/2020,13475.50447702
09/15/2020,13547.83273607
09/16/2020,13554.17823659
09/17/2020,13536.94847295
09/18/2020,13453.10665198
09/19/2020,13453.14916069
09/20/2020,13453.19221336
09/21/2020,13233.75305871
09/22/2020,13245.90599249
09/23/2020,13175.93881677
09/24/2020,13167.3829234
09/25/2020,13232.04086807
09/26/2020,13232.07610377
09/27/2020,13232.10742908
09/28/2020,13389.53681574
09/29/2020,13360.01684458
09/30/2020,13350.30297849
10/01/2020,13412.88921389
10/02/2020,13369.73421631
10/03/2020,13369.68808336
10/04/2020,13369.64130469
10/05/2020,13526.75210639
10/06/2020,13436.06931887
10/07/2020,13540.91892981
10/08/2020,13633.24701297
10/09/2020,13740.86636939
10/10/2020,13740.86323713
10/11/2020,13740.85059853
10/12/2020,13740.8312889
10/13/2020,13809.80920643
10/14/2020,13786.06001445
10/15/2020,13721.45762589
10/16/2020,13709.62805769
10/17/2020,13709.61539694
10/18/2020,13709.59883893
10/19/2020,13589.50969735
10/20/2020,13660.75320677
10/21/2020,13655.66727098
10/22/2020,13695.77354841
10/23/2020,13721.58836149
10/24/2020,13721.55590296
10/25/2020,13721.52289662
10/26/2020,13514.78521292
10/27/2020,13470.08341543
10/28/2020,13096.70722586
10/29/2020,13198.87693896
10/30/2020,13046.89625774
10/31/2020,13046.8864376
11/01/2020,13046.87368157
11/02/2020,13046.85814566
11/03/2020,13396.0460341
11/04/2020,13626.22224722
11/05/2020,13886.70017557
11/06/2020,13908.92028625
11/07/2020,13908.84787029
11/08/2020,13908.76999809
11/09/2020,14143.48589318
11/10/2020,14117.84020548
11/11/2020,14275.47189792
11/12/2020,14149.62645555
11/13/2020,14319.42882369
11/14/2020,14319.31362449
11/15/2020,14319.19687102
11/16/2020,14319.07931299
11/17/2020,14429.04328024
11/18/2020,14322.50273352
11/19/2020,14393.48783599
11/20/2020,14339.37203293
11/21/2020,14339.25784686
11/22/2020,14339.13195693
11/23/2020,14341.68794326
11/24/2020,14554.23076433
11/25/2020,14557.62861221
11/26/2020,14557.6032405
11/27/2020,14611.91323278
11/28/2020,14611.77298043
11/29/2020,14611.63001767
11/30/2020,14484.41241026
12/01/2020,14705.67561229
12/02/2020,14721.57686418
12/03/2020,14712.92418146
12/04/2020,14812.87015881
12/05/2020,14812.7267234
12/06/2020,14812.58176151
12/07/2020,14820.23253389
12/08/2020,14820.09322334
12/09/2020,14793.0709613
12/10/2020,14841.60833351
12/11/2020,14859.40857606
12/12/2020,14859.27426618
12/13/2020,14859.13526448
12/14/2020,14774.89395757
12/15/2020,14910.50650342
12/16/2020,14943.59396261
12/17/2020,15012.79660558
12/18/2020,14915.05211012
12/19/2020,14915.03502964
12/20/2020,14915.03086302
12/21/2020,14825.9729796
12/22/2020,14805.34197993
12/23/2020,14917.26846393
12/24/2020,14967.75387013
12/25/2020,14967.71581446
12/26/2020,14967.67090098
12/27/2020,14967.61913034
12/28/2020,15067.144598
12/29/2020,15129.39708097
12/30/2020,15134.66893293
12/31/2020,15134.54748341
01/01/2021,15134.41814118
01/02/2021,15134.28374488
01/03/2021,15134.14364976
01/04/2021,15018.31344529
01/05/2021,15138.85024377
01/06/2021,15208.16635989
01/07/2021,15336.33146002
01/08/2021,15452.92412706
01/09/2021,15452.76955292
01/10/2021,15452.61472834
01/11/2021,15452.45837343
01/12/2021,15369.07305076
01/13/2021,15434.3064427
01/14/2021,15464.59472188
01/15/2021,15309.42130749
01/16/2021,15309.27152767
01/17/2021,15309.11815525
01/18/2021,15308.74313678
01/19/2021,15416.63333944
01/20/2021,15591.11516525
01/21/2021,15590.25629341
01/22/2021,15541.93045097
01/23/2021,15541.70798239
01/24/2021,15541.4854245
01/25/2021,15576.26479903
01/26/2021,15546.31728812
01/27/2021,15220.45011962
01/28/2021,15318.744904
01/29/2021,15027.60690611
01/30/2021,15027.41176915
01/31/2021,15027.20836614
02/01/2021,15284.8124251
02/02/2021,15457.56632962
02/03/2021,15494.62648681
02/04/2021,15581.42529553
02/05/2021,15630.780854
02/06/2021,15630.58353866
02/07/2021,15630.38441892
02/08/2021,15721.74353463
02/09/2021,15775.08572178
02/10/2021,15777.94172569
02/11/2021,15806.95885791
02/12/2021,15859.78783972
02/13/2021,15859.57303193
02/14/2021,15859.34433981
02/15/2021,15858.97204555
02/16/2021,15898.4914309
02/17/2021,15889.95451911
02/18/2021,15791.935019
02/19/2021,15829.03764588
02/20/2021,15828.84991445
02/21/2021,15828.65776163
02/22/2021,15715.53057158
02/23/2021,15753.41245948
02/24/2021,15831.99561007
02/25/2021,15521.2172647
02/26/2021,15373.29609653
02/27/2021,15373.12052205
02/28/2021,15372.93906683
03/01/2021,15644.16771789
03/02/2021,15569.92906615
03/03/2021,15483.84290095
03/04/2021,15295.47061767
03/05/2021,15464.41230682
03/06/2021,15464.2187061
03/07/2021,15464.01936689
03/08/2021,15319.76995754
03/09/2021,15522.74727618
03/10/2021,15643.55533627
03/11/2021,15801.65526768
03/12/2021,15793.19967088
03/13/2021,15792.98741387
03/14/2021,15792.76116921
03/15/2021,15914.79092626
03/16/2021,15919.45361524
03/17/2021,15974.19835384
03/18/2021,15762.20189471
03/19/2021,15783.29567644
03/20/2021,15783.0230683
03/21/2021,15782.74552383
03/22/2021,15782.46304306
